new_cases,year,Month_Number,Week_Day,day,dayofyear,quarter,weekend,is_month_start,is_month_end,is_afternoon,lag_1,lag_2,lag_3,lag_4,lag_5,lag_6,season,new_cases_lag_7
75,2020,3,5,21,81,1,1,0,0,0,0.0,0.0,0.0,0.0,0.0,0.0,1,0.0
14,2020,3,6,22,82,1,1,0,0,0,75.0,0.0,0.0,0.0,0.0,0.0,1,0.0
25,2020,3,0,23,83,1,0,0,0,0,14.0,75.0,0.0,0.0,0.0,0.0,1,0.0
59,2020,3,1,24,84,1,0,0,0,0,25.0,14.0,75.0,0.0,0.0,0.0,1,0.0
24,2020,3,2,25,85,1,0,0,0,0,59.0,25.0,14.0,75.0,0.0,0.0,1,0.0
30,2020,3,3,26,86,1,0,0,0,0,24.0,59.0,25.0,14.0,75.0,0.0,1,0.0
52,2020,3,4,27,87,1,0,0,0,0,30.0,24.0,59.0,25.0,14.0,75.0,1,0.0
33,2020,3,5,28,88,1,1,0,0,0,52.0,30.0,24.0,59.0,25.0,14.0,1,75.0
50,2020,3,6,29,89,1,1,0,0,0,33.0,52.0,30.0,24.0,59.0,25.0,1,14.0
32,2020,3,0,30,90,1,0,0,0,0,50.0,33.0,52.0,30.0,24.0,59.0,1,25.0
29,2020,3,1,31,91,1,0,0,1,0,32.0,50.0,33.0,52.0,30.0,24.0,1,59.0
32,2020,4,2,1,92,2,0,1,0,0,29.0,32.0,50.0,33.0,52.0,30.0,1,24.0
40,2020,4,4,3,94,2,0,0,0,0,32.0,29.0,32.0,50.0,33.0,52.0,1,30.0
58,2020,4,5,4,95,2,1,0,0,0,40.0,32.0,29.0,32.0,50.0,33.0,1,52.0
21,2020,4,6,5,96,2,1,0,0,0,58.0,40.0,32.0,29.0,32.0,50.0,1,33.0
22,2020,4,0,6,97,2,0,0,0,0,21.0,58.0,40.0,32.0,29.0,32.0,1,50.0
27,2020,4,1,7,98,2,0,0,0,0,22.0,21.0,58.0,40.0,32.0,29.0,1,32.0
5,2020,4,2,8,99,2,0,0,0,0,27.0,22.0,21.0,58.0,40.0,32.0,1,29.0
15,2020,4,3,9,100,2,0,0,0,0,5.0,27.0,22.0,21.0,58.0,40.0,1,32.0
28,2020,4,4,10,101,2,0,0,0,0,15.0,5.0,27.0,22.0,21.0,58.0,1,40.0
36,2020,4,5,11,102,2,1,0,0,0,28.0,15.0,5.0,27.0,22.0,21.0,1,58.0
19,2020,4,6,12,103,2,1,0,0,0,36.0,28.0,15.0,5.0,27.0,22.0,1,21.0
21,2020,4,0,13,104,2,0,0,0,0,19.0,36.0,28.0,15.0,5.0,27.0,1,22.0
33,2020,4,1,14,105,2,0,0,0,0,21.0,19.0,36.0,28.0,15.0,5.0,1,27.0
42,2020,4,2,15,106,2,0,0,0,0,33.0,21.0,19.0,36.0,28.0,15.0,1,5.0
42,2020,4,3,16,107,2,0,0,0,0,42.0,33.0,21.0,19.0,36.0,28.0,1,15.0
2,2020,4,4,17,108,2,0,0,0,0,42.0,42.0,33.0,21.0,19.0,36.0,1,28.0
13,2020,4,5,18,109,2,1,0,0,0,2.0,42.0,42.0,33.0,21.0,19.0,1,36.0
5,2020,4,6,19,110,2,1,0,0,0,13.0,2.0,42.0,42.0,33.0,21.0,1,19.0
17,2020,4,0,20,111,2,0,0,0,0,5.0,13.0,2.0,42.0,42.0,33.0,1,21.0
8,2020,4,1,21,112,2,0,0,0,0,17.0,5.0,13.0,2.0,42.0,42.0,1,33.0
30,2020,4,2,22,113,2,0,0,0,0,8.0,17.0,5.0,13.0,2.0,42.0,1,42.0
0,2020,4,3,23,114,2,0,0,0,0,30.0,8.0,17.0,5.0,13.0,2.0,1,42.0
0,2020,4,4,24,115,2,0,0,0,0,0.0,30.0,8.0,17.0,5.0,13.0,1,2.0
10,2020,4,5,25,116,2,1,0,0,0,0.0,0.0,30.0,8.0,17.0,5.0,1,13.0
18,2020,4,6,26,117,2,1,0,0,0,10.0,0.0,0.0,30.0,8.0,17.0,1,5.0
8,2020,4,0,27,118,2,0,0,0,0,18.0,10.0,0.0,0.0,30.0,8.0,1,17.0
5,2020,4,1,28,119,2,0,0,0,0,8.0,18.0,10.0,0.0,0.0,30.0,1,8.0
14,2020,4,2,29,120,2,0,0,0,0,5.0,8.0,18.0,10.0,0.0,0.0,1,30.0
4,2020,4,3,30,121,2,0,0,1,0,14.0,5.0,8.0,18.0,10.0,0.0,1,0.0
11,2020,5,4,1,122,2,0,1,0,0,4.0,14.0,5.0,8.0,18.0,10.0,1,0.0
4,2020,5,5,2,123,2,1,0,0,0,11.0,4.0,14.0,5.0,8.0,18.0,1,10.0
5,2020,5,6,3,124,2,1,0,0,0,4.0,11.0,4.0,14.0,5.0,8.0,1,18.0
4,2020,5,0,4,125,2,0,0,0,0,5.0,4.0,11.0,4.0,14.0,5.0,1,8.0
3,2020,5,1,5,126,2,0,0,0,0,4.0,5.0,4.0,11.0,4.0,14.0,1,5.0
1,2020,5,2,6,127,2,0,0,0,0,3.0,4.0,5.0,4.0,11.0,4.0,1,14.0
4,2020,5,3,7,128,2,0,0,0,0,1.0,3.0,4.0,5.0,4.0,11.0,1,4.0
2,2020,5,4,8,129,2,0,0,0,0,4.0,1.0,3.0,4.0,5.0,4.0,1,11.0
0,2020,5,5,9,130,2,1,0,0,0,2.0,4.0,1.0,3.0,4.0,5.0,1,4.0
0,2020,5,6,10,131,2,1,0,0,0,0.0,2.0,4.0,1.0,3.0,4.0,1,5.0
0,2020,5,0,11,132,2,0,0,0,0,0.0,0.0,2.0,4.0,1.0,3.0,1,4.0
0,2020,5,1,12,133,2,0,0,0,0,0.0,0.0,0.0,2.0,4.0,1.0,1,3.0
0,2020,5,2,13,134,2,0,0,0,0,0.0,0.0,0.0,0.0,2.0,4.0,1,1.0
3,2020,5,3,14,135,2,0,0,0,0,0.0,0.0,0.0,0.0,0.0,2.0,1,4.0
2,2020,5,4,15,136,2,0,0,0,0,3.0,0.0,0.0,0.0,0.0,0.0,1,2.0
0,2020,5,5,16,137,2,1,0,0,0,2.0,3.0,0.0,0.0,0.0,0.0,1,0.0
6,2020,5,6,17,138,2,1,0,0,0,0.0,2.0,3.0,0.0,0.0,0.0,1,0.0
1,2020,5,0,18,139,2,0,0,0,0,6.0,0.0,2.0,3.0,0.0,0.0,1,0.0
1,2020,5,1,19,140,2,0,0,0,0,1.0,6.0,0.0,2.0,3.0,0.0,1,0.0
1,2020,5,2,20,141,2,0,0,0,0,1.0,1.0,6.0,0.0,2.0,3.0,1,0.0
2,2020,5,3,21,142,2,0,0,0,0,1.0,1.0,1.0,6.0,0.0,2.0,1,3.0
0,2020,5,4,22,143,2,0,0,0,0,2.0,1.0,1.0,1.0,6.0,0.0,1,2.0
3,2020,5,5,23,144,2,1,0,0,0,0.0,2.0,1.0,1.0,1.0,6.0,1,0.0
0,2020,5,6,24,145,2,1,0,0,0,3.0,0.0,2.0,1.0,1.0,1.0,1,6.0
0,2020,5,0,25,146,2,0,0,0,0,0.0,3.0,0.0,2.0,1.0,1.0,1,1.0
17,2020,5,1,26,147,2,0,0,0,0,0.0,0.0,3.0,0.0,2.0,1.0,1,1.0
3,2020,5,2,27,148,2,0,0,0,0,17.0,0.0,0.0,3.0,0.0,2.0,1,1.0
5,2020,5,3,28,149,2,0,0,0,0,3.0,17.0,0.0,0.0,3.0,0.0,1,2.0
1,2020,5,4,29,150,2,0,0,0,0,5.0,3.0,17.0,0.0,0.0,3.0,1,0.0
7,2020,5,5,30,151,2,1,0,0,0,1.0,5.0,3.0,17.0,0.0,0.0,1,3.0
2,2020,5,6,31,152,2,1,0,1,0,7.0,1.0,5.0,3.0,17.0,0.0,1,0.0
1,2020,6,0,1,153,2,0,1,0,0,2.0,7.0,1.0,5.0,3.0,17.0,2,0.0
0,2020,6,1,2,154,2,0,0,0,0,1.0,2.0,7.0,1.0,5.0,3.0,2,17.0
0,2020,6,2,3,155,2,0,0,0,0,0.0,1.0,2.0,7.0,1.0,5.0,2,3.0
0,2020,6,3,4,156,2,0,0,0,0,0.0,0.0,1.0,2.0,7.0,1.0,2,5.0
0,2020,6,4,5,157,2,0,0,0,0,0.0,0.0,0.0,1.0,2.0,7.0,2,1.0
0,2020,6,5,6,158,2,1,0,0,0,0.0,0.0,0.0,0.0,1.0,2.0,2,7.0
0,2020,6,6,7,159,2,1,0,0,0,0.0,0.0,0.0,0.0,0.0,1.0,2,2.0
0,2020,6,0,8,160,2,0,0,0,0,0.0,0.0,0.0,0.0,0.0,0.0,2,1.0
0,2020,6,1,9,161,2,0,0,0,0,0.0,0.0,0.0,0.0,0.0,0.0,2,0.0
6,2020,6,2,10,162,2,0,0,0,0,0.0,0.0,0.0,0.0,0.0,0.0,2,0.0
1,2020,6,3,11,163,2,0,0,0,0,6.0,0.0,0.0,0.0,0.0,0.0,2,0.0
2,2020,6,4,12,164,2,0,0,0,0,1.0,6.0,0.0,0.0,0.0,0.0,2,0.0
14,2020,6,5,13,165,2,1,0,0,0,2.0,1.0,6.0,0.0,0.0,0.0,2,0.0
15,2020,6,6,14,166,2,1,0,0,0,14.0,2.0,1.0,6.0,0.0,0.0,2,0.0
3,2020,6,0,15,167,2,0,0,0,0,15.0,14.0,2.0,1.0,6.0,0.0,2,0.0
4,2020,6,1,16,168,2,0,0,0,0,3.0,15.0,14.0,2.0,1.0,6.0,2,0.0
14,2020,6,2,17,169,2,0,0,0,0,4.0,3.0,15.0,14.0,2.0,1.0,2,6.0
10,2020,6,3,18,170,2,0,0,0,0,14.0,4.0,3.0,15.0,14.0,2.0,2,1.0
1,2020,6,4,19,171,2,0,0,0,0,10.0,14.0,4.0,3.0,15.0,14.0,2,2.0
2,2020,6,5,20,172,2,1,0,0,0,1.0,10.0,14.0,4.0,3.0,15.0,2,14.0
0,2020,6,6,21,173,2,1,0,0,0,2.0,1.0,10.0,14.0,4.0,3.0,2,15.0
1,2020,6,0,22,174,2,0,0,0,0,0.0,2.0,1.0,10.0,14.0,4.0,2,3.0
2,2020,6,1,23,175,2,0,0,0,0,1.0,0.0,2.0,1.0,10.0,14.0,2,4.0
2,2020,6,2,24,176,2,0,0,0,0,2.0,1.0,0.0,2.0,1.0,10.0,2,14.0
4,2020,6,3,25,177,2,0,0,0,0,2.0,2.0,1.0,0.0,2.0,1.0,2,10.0
1,2020,6,4,26,178,2,0,0,0,0,4.0,2.0,2.0,1.0,0.0,2.0,2,1.0
3,2020,6,5,27,179,2,1,0,0,0,1.0,4.0,2.0,2.0,1.0,0.0,2,2.0
2,2020,6,6,28,180,2,1,0,0,0,3.0,1.0,4.0,2.0,2.0,1.0,2,0.0
1,2020,6,0,29,181,2,0,0,0,0,2.0,3.0,1.0,4.0,2.0,2.0,2,1.0
3,2020,6,1,30,182,2,0,0,1,0,1.0,2.0,3.0,1.0,4.0,2.0,2,2.0
3,2020,7,2,1,183,3,0,1,0,0,3.0,1.0,2.0,3.0,1.0,4.0,2,2.0
5,2020,7,3,2,184,3,0,0,0,0,3.0,3.0,1.0,2.0,3.0,1.0,2,4.0
2,2020,7,4,3,185,3,0,0,0,0,5.0,3.0,3.0,1.0,2.0,3.0,2,1.0
11,2020,7,5,4,186,3,1,0,0,0,2.0,5.0,3.0,3.0,1.0,2.0,2,3.0
6,2020,7,6,5,187,3,1,0,0,0,11.0,2.0,5.0,3.0,3.0,1.0,2,2.0
6,2020,7,0,6,188,3,0,0,0,0,6.0,11.0,2.0,5.0,3.0,3.0,2,1.0
6,2020,7,1,7,189,3,0,0,0,0,6.0,6.0,11.0,2.0,5.0,3.0,2,3.0
16,2020,7,2,8,190,3,0,0,0,0,6.0,6.0,6.0,11.0,2.0,5.0,2,3.0
10,2020,7,3,9,191,3,0,0,0,0,16.0,6.0,6.0,6.0,11.0,2.0,2,5.0
9,2020,7,4,10,192,3,0,0,0,0,10.0,16.0,6.0,6.0,6.0,11.0,2,2.0
5,2020,7,5,11,193,3,1,0,0,0,9.0,10.0,16.0,6.0,6.0,6.0,2,11.0
18,2020,7,6,12,194,3,1,0,0,0,5.0,9.0,10.0,16.0,6.0,6.0,2,6.0
39,2020,7,0,13,195,3,0,0,0,0,18.0,5.0,9.0,10.0,16.0,6.0,2,6.0
4,2020,7,1,14,196,3,0,0,0,0,39.0,18.0,5.0,9.0,10.0,16.0,2,6.0
13,2020,7,2,15,197,3,0,0,0,0,4.0,39.0,18.0,5.0,9.0,10.0,2,16.0
8,2020,7,3,16,198,3,0,0,0,0,13.0,4.0,39.0,18.0,5.0,9.0,2,10.0
9,2020,7,4,17,199,3,0,0,0,0,8.0,13.0,4.0,39.0,18.0,5.0,2,9.0
12,2020,7,5,18,200,3,1,0,0,0,9.0,8.0,13.0,4.0,39.0,18.0,2,5.0
26,2020,7,6,19,201,3,1,0,0,0,12.0,9.0,8.0,13.0,4.0,39.0,2,18.0
7,2020,7,0,20,202,3,0,0,0,0,26.0,12.0,9.0,8.0,13.0,4.0,2,39.0
8,2020,7,1,21,203,3,0,0,0,0,7.0,26.0,12.0,9.0,8.0,13.0,2,4.0
5,2020,7,2,22,204,3,0,0,0,0,8.0,7.0,26.0,12.0,9.0,8.0,2,13.0
12,2020,7,3,23,205,3,0,0,0,0,5.0,8.0,7.0,26.0,12.0,9.0,2,8.0
19,2020,7,4,24,206,3,0,0,0,0,12.0,5.0,8.0,7.0,26.0,12.0,2,9.0
18,2020,7,5,25,207,3,1,0,0,0,19.0,12.0,5.0,8.0,7.0,26.0,2,12.0
9,2020,7,6,26,208,3,1,0,0,0,18.0,19.0,12.0,5.0,8.0,7.0,2,26.0
3,2020,7,0,27,209,3,0,0,0,0,9.0,18.0,19.0,12.0,5.0,8.0,2,7.0
13,2020,7,1,28,210,3,0,0,0,0,3.0,9.0,18.0,19.0,12.0,5.0,2,8.0
20,2020,7,2,29,211,3,0,0,0,0,13.0,3.0,9.0,18.0,19.0,12.0,2,5.0
26,2020,7,3,30,212,3,0,0,0,0,20.0,13.0,3.0,9.0,18.0,19.0,2,12.0
21,2020,7,4,31,213,3,0,0,1,0,26.0,20.0,13.0,3.0,9.0,18.0,2,19.0
17,2020,8,5,1,214,3,1,1,0,0,21.0,26.0,20.0,13.0,3.0,9.0,2,18.0
9,2020,8,6,2,215,3,1,0,0,0,17.0,21.0,26.0,20.0,13.0,3.0,2,9.0
4,2020,8,0,3,216,3,0,0,0,0,9.0,17.0,21.0,26.0,20.0,13.0,2,3.0
19,2020,8,1,4,217,3,0,0,0,0,4.0,9.0,17.0,21.0,26.0,20.0,2,13.0
17,2020,8,2,5,218,3,0,0,0,0,19.0,4.0,9.0,17.0,21.0,26.0,2,20.0
41,2020,8,3,6,219,3,0,0,0,0,17.0,19.0,4.0,9.0,17.0,21.0,2,26.0
14,2020,8,4,7,220,3,0,0,0,0,41.0,17.0,19.0,4.0,9.0,17.0,2,21.0
22,2020,8,5,8,221,3,1,0,0,0,14.0,41.0,17.0,19.0,4.0,9.0,2,17.0
19,2020,8,6,9,222,3,1,0,0,0,22.0,14.0,41.0,17.0,19.0,4.0,2,9.0
20,2020,8,0,10,223,3,0,0,0,0,19.0,22.0,14.0,41.0,17.0,19.0,2,4.0
21,2020,8,1,11,224,3,0,0,0,0,20.0,19.0,22.0,14.0,41.0,17.0,2,19.0
42,2020,8,2,12,225,3,0,0,0,0,21.0,20.0,19.0,22.0,14.0,41.0,2,17.0
67,2020,8,3,13,226,3,0,0,0,0,42.0,21.0,20.0,19.0,22.0,14.0,2,41.0
56,2020,8,4,14,227,3,0,0,0,0,67.0,42.0,21.0,20.0,19.0,22.0,2,14.0
120,2020,8,5,15,228,3,1,0,0,0,56.0,67.0,42.0,21.0,20.0,19.0,2,22.0
84,2020,8,6,16,229,3,1,0,0,0,120.0,56.0,67.0,42.0,21.0,20.0,2,19.0
78,2020,8,0,17,230,3,0,0,0,0,84.0,120.0,56.0,67.0,42.0,21.0,2,20.0
129,2020,8,1,18,231,3,0,0,0,0,78.0,84.0,120.0,56.0,67.0,42.0,2,21.0
113,2020,8,2,19,232,3,0,0,0,0,129.0,78.0,84.0,120.0,56.0,67.0,2,42.0
116,2020,8,3,20,233,3,0,0,0,0,113.0,129.0,78.0,84.0,120.0,56.0,2,67.0
64,2020,8,4,21,234,3,0,0,0,0,116.0,113.0,129.0,78.0,84.0,120.0,2,56.0
131,2020,8,5,22,235,3,1,0,0,0,64.0,116.0,113.0,129.0,78.0,84.0,2,120.0
80,2020,8,6,23,236,3,1,0,0,0,131.0,64.0,116.0,113.0,129.0,78.0,2,84.0
75,2020,8,0,24,237,3,0,0,0,0,80.0,131.0,64.0,116.0,113.0,129.0,2,78.0
176,2020,8,1,25,238,3,0,0,0,0,75.0,80.0,131.0,64.0,116.0,113.0,2,129.0
137,2020,8,2,26,239,3,0,0,0,0,176.0,75.0,80.0,131.0,64.0,116.0,2,113.0
117,2020,8,3,27,240,3,0,0,0,0,137.0,176.0,75.0,80.0,131.0,64.0,2,116.0
138,2020,8,4,28,241,3,0,0,0,0,117.0,137.0,176.0,75.0,80.0,131.0,2,64.0
111,2020,8,5,29,242,3,1,0,0,0,138.0,117.0,137.0,176.0,75.0,80.0,2,131.0
113,2020,8,6,30,243,3,1,0,0,0,111.0,138.0,117.0,137.0,176.0,75.0,2,80.0
118,2020,8,0,31,244,3,0,0,1,0,113.0,111.0,138.0,117.0,137.0,176.0,2,75.0
160,2020,9,1,1,245,3,0,1,0,0,118.0,113.0,111.0,138.0,117.0,137.0,3,176.0
233,2020,9,2,2,246,3,0,0,0,0,160.0,118.0,113.0,111.0,138.0,117.0,3,137.0
198,2020,9,3,3,247,3,0,0,0,0,233.0,160.0,118.0,113.0,111.0,138.0,3,117.0
148,2020,9,4,4,248,3,0,0,0,0,198.0,233.0,160.0,118.0,113.0,111.0,3,138.0
234,2020,9,5,5,249,3,1,0,0,0,148.0,198.0,233.0,160.0,118.0,113.0,3,111.0
265,2020,9,6,6,250,3,1,0,0,0,234.0,148.0,198.0,233.0,160.0,118.0,3,113.0
83,2020,9,0,7,251,3,0,0,0,0,265.0,234.0,148.0,198.0,233.0,160.0,3,118.0
293,2020,9,1,8,252,3,0,0,0,0,83.0,265.0,234.0,148.0,198.0,233.0,3,160.0
0,2020,9,2,9,253,3,0,0,0,0,293.0,83.0,265.0,234.0,148.0,198.0,3,233.0
465,2020,9,3,10,254,3,0,0,0,0,0.0,293.0,83.0,265.0,234.0,148.0,3,198.0
377,2020,9,4,11,255,3,0,0,0,0,465.0,0.0,293.0,83.0,265.0,234.0,3,148.0
376,2020,9,5,12,256,3,1,0,0,0,377.0,465.0,0.0,293.0,83.0,265.0,3,234.0
0,2020,9,6,13,257,3,1,0,0,0,376.0,377.0,465.0,0.0,293.0,83.0,3,265.0
747,2020,9,0,14,258,3,0,0,0,0,0.0,376.0,377.0,465.0,0.0,293.0,3,83.0
241,2020,9,1,15,259,3,0,0,0,0,747.0,0.0,376.0,377.0,465.0,0.0,3,293.0
477,2020,9,2,16,260,3,0,0,0,0,241.0,747.0,0.0,376.0,377.0,465.0,3,0.0
470,2020,9,3,17,261,3,0,0,0,0,477.0,241.0,747.0,0.0,376.0,377.0,3,465.0
0,2020,9,4,18,262,3,0,0,0,0,470.0,477.0,241.0,747.0,0.0,376.0,3,377.0
540,2020,9,5,19,263,3,1,0,0,0,0.0,470.0,477.0,241.0,747.0,0.0,3,376.0
1622,2020,9,6,20,264,3,1,0,0,0,540.0,0.0,470.0,477.0,241.0,747.0,3,0.0
528,2020,9,0,21,265,3,0,0,0,0,1622.0,540.0,0.0,470.0,477.0,241.0,3,747.0
0,2020,9,1,22,266,3,0,0,0,0,528.0,1622.0,540.0,0.0,470.0,477.0,3,241.0
1219,2020,9,2,23,267,3,0,0,0,0,0.0,528.0,1622.0,540.0,0.0,470.0,3,477.0
826,2020,9,3,24,268,3,0,0,0,0,1219.0,0.0,528.0,1622.0,540.0,0.0,3,470.0
1087,2020,9,4,25,269,3,0,0,0,0,826.0,1219.0,0.0,528.0,1622.0,540.0,3,0.0
0,2020,9,5,26,270,3,1,0,0,0,1087.0,826.0,1219.0,0.0,528.0,1622.0,3,540.0
1722,2020,9,6,27,271,3,1,0,0,0,0.0,1087.0,826.0,1219.0,0.0,528.0,3,1622.0
0,2020,9,0,28,272,3,0,0,0,0,1722.0,0.0,1087.0,826.0,1219.0,0.0,3,528.0
1291,2020,9,1,29,273,3,0,0,0,0,0.0,1722.0,0.0,1087.0,826.0,1219.0,3,0.0
1008,2020,9,2,30,274,3,0,0,1,0,1291.0,0.0,1722.0,0.0,1087.0,826.0,3,1219.0
0,2020,10,3,1,275,4,0,1,0,0,1008.0,1291.0,0.0,1722.0,0.0,1087.0,3,826.0
1308,2020,10,4,2,276,4,0,0,0,0,0.0,1008.0,1291.0,0.0,1722.0,0.0,3,1087.0
1223,2020,10,5,3,277,4,1,0,0,0,1308.0,0.0,1008.0,1291.0,0.0,1722.0,3,0.0
1286,2020,10,6,4,278,4,1,0,0,0,1223.0,1308.0,0.0,1008.0,1291.0,0.0,3,1722.0
0,2020,10,0,5,279,4,0,0,0,0,1286.0,1223.0,1308.0,0.0,1008.0,1291.0,3,0.0
0,2020,10,1,6,280,4,0,0,0,0,0.0,1286.0,1223.0,1308.0,0.0,1008.0,3,1291.0
2312,2020,10,2,7,281,4,0,0,0,0,0.0,0.0,1286.0,1223.0,1308.0,0.0,3,1008.0
2357,2020,10,3,8,282,4,0,0,0,0,2312.0,0.0,0.0,1286.0,1223.0,1308.0,3,0.0
0,2020,10,4,9,283,4,0,0,0,0,2357.0,2312.0,0.0,0.0,1286.0,1223.0,3,1308.0
4360,2020,10,5,10,284,4,1,0,0,0,0.0,2357.0,2312.0,0.0,0.0,1286.0,3,1223.0
1297,2020,10,6,11,285,4,1,0,0,0,4360.0,0.0,2357.0,2312.0,0.0,0.0,3,1286.0
0,2020,10,0,12,286,4,0,0,0,0,1297.0,4360.0,0.0,2357.0,2312.0,0.0,3,0.0
0,2020,10,1,13,287,4,0,0,0,0,0.0,1297.0,4360.0,0.0,2357.0,2312.0,3,0.0
2234,2020,10,2,14,288,4,0,0,0,0,0.0,0.0,1297.0,4360.0,0.0,2357.0,3,2312.0
0,2020,10,3,15,289,4,0,0,0,0,2234.0,0.0,0.0,1297.0,4360.0,0.0,3,2357.0
0,2020,10,4,16,290,4,0,0,0,0,0.0,2234.0,0.0,0.0,1297.0,4360.0,3,0.0
5752,2020,10,5,17,291,4,1,0,0,0,0.0,0.0,2234.0,0.0,0.0,1297.0,3,4360.0
0,2020,10,6,18,292,4,1,0,0,0,5752.0,0.0,0.0,2234.0,0.0,0.0,3,1297.0
2185,2020,10,0,19,293,4,0,0,0,0,0.0,5752.0,0.0,0.0,2234.0,0.0,3,0.0
1723,2020,10,1,20,294,4,0,0,0,0,2185.0,0.0,5752.0,0.0,0.0,2234.0,3,0.0
1442,2020,10,2,21,295,4,0,0,0,0,1723.0,2185.0,0.0,5752.0,0.0,0.0,3,2234.0
0,2020,10,3,22,296,4,0,0,0,0,1442.0,1723.0,2185.0,0.0,5752.0,0.0,3,0.0
1322,2020,10,4,23,297,4,0,0,0,0,0.0,1442.0,1723.0,2185.0,0.0,5752.0,3,0.0
1585,2020,10,5,24,298,4,1,0,0,0,1322.0,0.0,1442.0,1723.0,2185.0,0.0,3,5752.0
0,2020,10,6,25,299,4,1,0,0,0,1585.0,1322.0,0.0,1442.0,1723.0,2185.0,3,0.0
3600,2020,10,0,26,300,4,0,0,0,0,0.0,1585.0,1322.0,0.0,1442.0,1723.0,3,2185.0
0,2020,10,1,27,301,4,0,0,0,0,3600.0,0.0,1585.0,1322.0,0.0,1442.0,3,1723.0
1879,2020,10,2,28,302,4,0,0,0,0,0.0,3600.0,0.0,1585.0,1322.0,0.0,3,1442.0
0,2020,10,3,29,303,4,0,0,0,0,1879.0,0.0,3600.0,0.0,1585.0,1322.0,3,0.0
3751,2020,10,4,30,304,4,0,0,0,0,0.0,1879.0,0.0,3600.0,0.0,1585.0,3,1322.0
1784,2020,10,5,31,305,4,1,0,1,0,3751.0,0.0,1879.0,0.0,3600.0,0.0,3,1585.0
1302,2020,11,6,1,306,4,1,1,0,0,1784.0,3751.0,0.0,1879.0,0.0,3600.0,3,0.0
791,2020,11,0,2,307,4,0,0,0,0,1302.0,1784.0,3751.0,0.0,1879.0,0.0,3,3600.0
1220,2020,11,1,3,308,4,0,0,0,0,791.0,1302.0,1784.0,3751.0,0.0,1879.0,3,0.0
1237,2020,11,2,4,309,4,0,0,0,0,1220.0,791.0,1302.0,1784.0,3751.0,0.0,3,1879.0
1971,2020,11,3,5,310,4,0,0,0,0,1237.0,1220.0,791.0,1302.0,1784.0,3751.0,3,0.0
0,2020,11,4,6,311,4,0,0,0,0,1971.0,1237.0,1220.0,791.0,1302.0,1784.0,3,3751.0
3209,2020,11,5,7,312,4,1,0,0,0,0.0,1971.0,1237.0,1220.0,791.0,1302.0,3,1784.0
1576,2020,11,6,8,313,4,1,0,0,0,3209.0,0.0,1971.0,1237.0,1220.0,791.0,3,1302.0
450,2020,11,0,9,314,4,0,0,0,0,1576.0,3209.0,0.0,1971.0,1237.0,1220.0,3,791.0
1424,2020,11,1,10,315,4,0,0,0,0,450.0,1576.0,3209.0,0.0,1971.0,1237.0,3,1220.0
1529,2020,11,2,11,316,4,0,0,0,0,1424.0,450.0,1576.0,3209.0,0.0,1971.0,3,1237.0
1584,2020,11,3,12,317,4,0,0,0,0,1529.0,1424.0,450.0,1576.0,3209.0,0.0,3,1971.0
1562,2020,11,4,13,318,4,0,0,0,0,1584.0,1529.0,1424.0,450.0,1576.0,3209.0,3,0.0
1671,2020,11,5,14,319,4,1,0,0,0,1562.0,1584.0,1529.0,1424.0,450.0,1576.0,3,3209.0
1065,2020,11,6,15,320,4,1,0,0,0,1671.0,1562.0,1584.0,1529.0,1424.0,450.0,3,1576.0
599,2020,11,0,16,321,4,0,0,0,0,1065.0,1671.0,1562.0,1584.0,1529.0,1424.0,3,450.0
720,2020,11,1,17,322,4,0,0,0,0,599.0,1065.0,1671.0,1562.0,1584.0,1529.0,3,1424.0
2049,2020,11,2,18,323,4,0,0,0,0,720.0,599.0,1065.0,1671.0,1562.0,1584.0,3,1529.0
0,2020,11,3,19,324,4,0,0,0,0,2049.0,720.0,599.0,1065.0,1671.0,1562.0,3,1584.0
2493,2020,11,4,20,325,4,0,0,0,0,0.0,2049.0,720.0,599.0,1065.0,1671.0,3,1562.0
1206,2020,11,5,21,326,4,1,0,0,0,2493.0,0.0,2049.0,720.0,599.0,1065.0,3,1671.0
1240,2020,11,6,22,327,4,1,0,0,0,1206.0,2493.0,0.0,2049.0,720.0,599.0,3,1065.0
485,2020,11,0,23,328,4,0,0,0,0,1240.0,1206.0,2493.0,0.0,2049.0,720.0,3,599.0
1017,2020,11,1,24,329,4,0,0,0,0,485.0,1240.0,1206.0,2493.0,0.0,2049.0,3,720.0
1094,2020,11,2,25,330,4,0,0,0,0,1017.0,485.0,1240.0,1206.0,2493.0,0.0,3,2049.0
1168,2020,11,3,26,331,4,0,0,0,0,1094.0,1017.0,485.0,1240.0,1206.0,2493.0,3,0.0
1295,2020,11,4,27,332,4,0,0,0,0,1168.0,1094.0,1017.0,485.0,1240.0,1206.0,3,2493.0
1210,2020,11,5,28,333,4,1,0,0,0,1295.0,1168.0,1094.0,1017.0,485.0,1240.0,3,1206.0
1271,2020,11,6,29,334,4,1,0,0,0,1210.0,1295.0,1168.0,1094.0,1017.0,485.0,3,1240.0
518,2020,11,0,30,335,4,0,0,1,0,1271.0,1210.0,1295.0,1168.0,1094.0,1017.0,3,485.0
0,2020,12,1,1,336,4,0,1,0,0,518.0,1271.0,1210.0,1295.0,1168.0,1094.0,3,1017.0
2511,2020,12,2,2,337,4,0,0,0,0,0.0,518.0,1271.0,1210.0,1295.0,1168.0,3,1094.0
0,2020,12,3,3,338,4,0,0,0,0,2511.0,0.0,518.0,1271.0,1210.0,1295.0,3,1168.0
2620,2020,12,4,4,339,4,0,0,0,0,0.0,2511.0,0.0,518.0,1271.0,1210.0,3,1295.0
1091,2020,12,5,5,340,4,1,0,0,0,2620.0,0.0,2511.0,0.0,518.0,1271.0,3,1210.0
1011,2020,12,6,6,341,4,1,0,0,0,1091.0,2620.0,0.0,2511.0,0.0,518.0,3,1271.0
327,2020,12,0,7,342,4,0,0,0,0,1011.0,1091.0,2620.0,0.0,2511.0,0.0,3,518.0
1116,2020,12,1,8,343,4,0,0,0,0,327.0,1011.0,1091.0,2620.0,0.0,2511.0,3,0.0
1411,2020,12,2,9,344,4,0,0,0,0,1116.0,327.0,1011.0,1091.0,2620.0,0.0,3,2511.0
958,2020,12,3,10,345,4,0,0,0,0,1411.0,1116.0,327.0,1011.0,1091.0,2620.0,3,0.0
1290,2020,12,4,11,346,4,0,0,0,0,958.0,1411.0,1116.0,327.0,1011.0,1091.0,3,2620.0
1289,2020,12,5,12,347,4,1,0,0,0,1290.0,958.0,1411.0,1116.0,327.0,1011.0,3,1091.0
968,2020,12,6,13,348,4,1,0,0,0,1289.0,1290.0,958.0,1411.0,1116.0,327.0,3,1011.0
0,2020,12,0,14,349,4,0,0,0,0,968.0,1289.0,1290.0,958.0,1411.0,1116.0,3,327.0
1880,2020,12,1,15,350,4,0,0,0,0,0.0,968.0,1289.0,1290.0,958.0,1411.0,3,1116.0
1306,2020,12,2,16,351,4,0,0,0,0,1880.0,0.0,968.0,1289.0,1290.0,958.0,3,1411.0
1419,2020,12,3,17,352,4,0,0,0,0,1306.0,1880.0,0.0,968.0,1289.0,1290.0,3,958.0
1616,2020,12,4,18,353,4,0,0,0,0,1419.0,1306.0,1880.0,0.0,968.0,1289.0,3,1290.0
1569,2020,12,5,19,354,4,1,0,0,0,1616.0,1419.0,1306.0,1880.0,0.0,968.0,3,1289.0
1536,2020,12,6,20,355,4,1,0,0,0,1569.0,1616.0,1419.0,1306.0,1880.0,0.0,3,968.0
1031,2020,12,0,21,356,4,0,0,0,0,1536.0,1569.0,1616.0,1419.0,1306.0,1880.0,3,0.0
1605,2020,12,1,22,357,4,0,0,0,0,1031.0,1536.0,1569.0,1616.0,1419.0,1306.0,3,1880.0
1677,2020,12,2,23,358,4,0,0,0,0,1605.0,1031.0,1536.0,1569.0,1616.0,1419.0,3,1306.0
1752,2020,12,3,24,359,4,0,0,0,0,1677.0,1605.0,1031.0,1536.0,1569.0,1616.0,3,1419.0
1826,2020,12,4,25,360,4,0,0,0,0,1752.0,1677.0,1605.0,1031.0,1536.0,1569.0,3,1616.0
1652,2020,12,5,26,361,4,1,0,0,0,1826.0,1752.0,1677.0,1605.0,1031.0,1536.0,3,1569.0
1362,2020,12,6,27,362,4,1,0,0,0,1652.0,1826.0,1752.0,1677.0,1605.0,1031.0,3,1536.0
1612,2020,12,0,28,363,4,0,0,0,0,1362.0,1652.0,1826.0,1752.0,1677.0,1605.0,3,1031.0
1598,2020,12,1,29,364,4,0,0,0,0,1612.0,1362.0,1652.0,1826.0,1752.0,1677.0,3,1605.0
2414,2020,12,2,30,365,4,0,0,0,0,1598.0,1612.0,1362.0,1652.0,1826.0,1752.0,3,1677.0
1924,2020,12,3,31,366,4,0,0,1,0,2414.0,1598.0,1612.0,1362.0,1652.0,1826.0,3,1752.0
1417,2021,1,4,1,1,1,0,1,0,0,1924.0,2414.0,1598.0,1612.0,1362.0,1652.0,3,1826.0
1422,2021,1,5,2,2,1,1,0,0,0,1417.0,1924.0,2414.0,1598.0,1612.0,1362.0,3,1652.0
1565,2021,1,6,3,3,1,1,0,0,0,1422.0,1417.0,1924.0,2414.0,1598.0,1612.0,3,1362.0
1252,2021,1,0,4,4,1,0,0,0,0,1565.0,1422.0,1417.0,1924.0,2414.0,1598.0,3,1612.0
2265,2021,1,1,5,5,1,0,0,0,0,1252.0,1565.0,1422.0,1417.0,1924.0,2414.0,3,1598.0
2820,2021,1,2,6,6,1,0,0,0,0,2265.0,1252.0,1565.0,1422.0,1417.0,1924.0,3,2414.0
2373,2021,1,3,7,7,1,0,0,0,0,2820.0,2265.0,1252.0,1565.0,1422.0,1417.0,3,1924.0
2649,2021,1,4,8,8,1,0,0,0,0,2373.0,2820.0,2265.0,1252.0,1565.0,1422.0,3,1417.0
2611,2021,1,5,9,9,1,1,0,0,0,2649.0,2373.0,2820.0,2265.0,1252.0,1565.0,3,1422.0
1762,2021,1,6,10,10,1,1,0,0,0,2611.0,2649.0,2373.0,2820.0,2265.0,1252.0,3,1565.0
3074,2021,1,0,11,11,1,0,0,0,0,1762.0,2611.0,2649.0,2373.0,2820.0,2265.0,3,1252.0
2586,2021,1,1,12,12,1,0,0,0,0,3074.0,1762.0,2611.0,2649.0,2373.0,2820.0,3,2265.0
3632,2021,1,2,13,13,1,0,0,0,0,2586.0,3074.0,1762.0,2611.0,2649.0,2373.0,3,2820.0
2327,2021,1,3,14,14,1,0,0,0,0,3632.0,2586.0,3074.0,1762.0,2611.0,2649.0,3,2373.0
4170,2021,1,4,15,15,1,0,0,0,0,2327.0,3632.0,2586.0,3074.0,1762.0,2611.0,3,2649.0
2166,2021,1,5,16,16,1,1,0,0,0,4170.0,2327.0,3632.0,2586.0,3074.0,1762.0,3,2611.0
2859,2021,1,6,17,17,1,1,0,0,0,2166.0,4170.0,2327.0,3632.0,2586.0,3074.0,3,1762.0
1795,2021,1,0,18,18,1,0,0,0,0,2859.0,2166.0,4170.0,2327.0,3632.0,2586.0,3,3074.0
2598,2021,1,1,19,19,1,0,0,0,0,1795.0,2859.0,2166.0,4170.0,2327.0,3632.0,3,2586.0
3890,2021,1,2,20,20,1,0,0,0,0,2598.0,1795.0,2859.0,2166.0,4170.0,2327.0,3,3632.0
2511,2021,1,3,21,21,1,0,0,0,0,3890.0,2598.0,1795.0,2859.0,2166.0,4170.0,3,2327.0
2389,2021,1,4,22,22,1,0,0,0,0,2511.0,3890.0,2598.0,1795.0,2859.0,2166.0,3,4170.0
2041,2021,1,5,23,23,1,1,0,0,0,2389.0,2511.0,3890.0,2598.0,1795.0,2859.0,3,2166.0
2059,2021,1,6,24,24,1,1,0,0,0,2041.0,2389.0,2511.0,3890.0,2598.0,1795.0,3,2859.0
1263,2021,1,0,25,25,1,0,0,0,0,2059.0,2041.0,2389.0,2511.0,3890.0,2598.0,3,1795.0
2026,2021,1,1,26,26,1,0,0,0,0,1263.0,2059.0,2041.0,2389.0,2511.0,3890.0,3,2598.0
1661,2021,1,2,27,27,1,0,0,0,0,2026.0,1263.0,2059.0,2041.0,2389.0,2511.0,3,3890.0
2028,2021,1,3,28,28,1,0,0,0,0,1661.0,2026.0,1263.0,2059.0,2041.0,2389.0,3,2511.0
1679,2021,1,4,29,29,1,0,0,0,0,2028.0,1661.0,2026.0,1263.0,2059.0,2041.0,3,2389.0
1438,2021,1,5,30,30,1,1,0,0,0,1679.0,2028.0,1661.0,2026.0,1263.0,2059.0,3,2041.0
1417,2021,1,6,31,31,1,1,0,1,0,1438.0,1679.0,2028.0,1661.0,2026.0,1263.0,3,2059.0
1160,2021,2,0,1,32,1,0,1,0,0,1417.0,1438.0,1679.0,2028.0,1661.0,2026.0,3,1263.0
1367,2021,2,1,2,33,1,0,0,0,0,1160.0,1417.0,1438.0,1679.0,2028.0,1661.0,3,2026.0
1267,2021,2,2,3,34,1,0,0,0,0,1367.0,1160.0,1417.0,1438.0,1679.0,2028.0,3,1661.0
1270,2021,2,3,4,35,1,0,0,0,0,1267.0,1367.0,1160.0,1417.0,1438.0,1679.0,3,2028.0
1163,2021,2,4,5,36,1,0,0,0,0,1270.0,1267.0,1367.0,1160.0,1417.0,1438.0,3,1679.0
1064,2021,2,5,6,37,1,1,0,0,0,1163.0,1270.0,1267.0,1367.0,1160.0,1417.0,3,1438.0
910,2021,2,6,7,38,1,1,0,0,0,1064.0,1163.0,1270.0,1267.0,1367.0,1160.0,3,1417.0
667,2021,2,0,8,39,1,0,0,0,0,910.0,1064.0,1163.0,1270.0,1267.0,1367.0,3,1160.0
811,2021,2,1,9,40,1,0,0,0,0,667.0,910.0,1064.0,1163.0,1270.0,1267.0,3,1367.0
1086,2021,2,2,10,41,1,0,0,0,0,811.0,667.0,910.0,1064.0,1163.0,1270.0,3,1267.0
828,2021,2,3,11,42,1,0,0,0,0,1086.0,811.0,667.0,910.0,1064.0,1163.0,3,1270.0
977,2021,2,4,12,43,1,0,0,0,0,828.0,1086.0,811.0,667.0,910.0,1064.0,3,1163.0
1049,2021,2,5,13,44,1,1,0,0,0,977.0,828.0,1086.0,811.0,667.0,910.0,3,1064.0
740,2021,2,6,14,45,1,1,0,0,0,1049.0,977.0,828.0,1086.0,811.0,667.0,3,910.0
305,2021,2,0,15,46,1,0,0,0,0,740.0,1049.0,977.0,828.0,1086.0,811.0,3,667.0
780,2021,2,1,16,47,1,0,0,0,0,305.0,740.0,1049.0,977.0,828.0,1086.0,3,811.0
787,2021,2,2,17,48,1,0,0,0,0,780.0,305.0,740.0,1049.0,977.0,828.0,3,1086.0
899,2021,2,3,18,49,1,0,0,0,0,787.0,780.0,305.0,740.0,1049.0,977.0,3,828.0
725,2021,2,4,19,50,1,0,0,0,0,899.0,787.0,780.0,305.0,740.0,1049.0,3,977.0
903,2021,2,5,20,51,1,1,0,0,0,725.0,899.0,787.0,780.0,305.0,740.0,3,1049.0
719,2021,2,6,21,52,1,1,0,0,0,903.0,725.0,899.0,787.0,780.0,305.0,3,740.0
575,2021,2,0,22,53,1,0,0,0,0,719.0,903.0,725.0,899.0,787.0,780.0,3,305.0
844,2021,2,1,23,54,1,0,0,0,0,575.0,719.0,903.0,725.0,899.0,787.0,3,780.0
662,2021,2,2,24,55,1,0,0,0,0,844.0,575.0,719.0,903.0,725.0,899.0,3,787.0
855,2021,2,3,25,56,1,0,0,0,0,662.0,844.0,575.0,719.0,903.0,725.0,3,899.0
666,2021,2,4,26,57,1,0,0,0,0,855.0,662.0,844.0,575.0,719.0,903.0,3,725.0
651,2021,2,5,27,58,1,1,0,0,0,666.0,855.0,662.0,844.0,575.0,719.0,3,903.0
662,2021,2,6,28,59,1,1,0,1,0,651.0,666.0,855.0,662.0,844.0,575.0,3,719.0
392,2021,3,0,1,60,1,0,1,0,0,662.0,651.0,666.0,855.0,662.0,844.0,1,575.0
562,2021,3,1,2,61,1,0,0,0,0,392.0,662.0,651.0,666.0,855.0,662.0,1,844.0
777,2021,3,2,3,62,1,0,0,0,0,562.0,392.0,662.0,651.0,666.0,855.0,1,662.0
635,2021,3,3,4,63,1,0,0,0,0,777.0,562.0,392.0,662.0,651.0,666.0,1,855.0
713,2021,3,4,5,64,1,0,0,0,0,635.0,777.0,562.0,392.0,662.0,651.0,1,666.0
672,2021,3,5,6,65,1,1,0,0,0,713.0,635.0,777.0,562.0,392.0,662.0,1,651.0
676,2021,3,6,7,66,1,1,0,0,0,672.0,713.0,635.0,777.0,562.0,392.0,1,662.0
313,2021,3,0,8,67,1,0,0,0,0,676.0,672.0,713.0,635.0,777.0,562.0,1,392.0
596,2021,3,1,9,68,1,0,0,0,0,313.0,676.0,672.0,713.0,635.0,777.0,1,562.0
755,2021,3,2,10,69,1,0,0,0,0,596.0,313.0,676.0,672.0,713.0,635.0,1,777.0
609,2021,3,3,11,70,1,0,0,0,0,755.0,596.0,313.0,676.0,672.0,713.0,1,635.0
640,2021,3,4,12,71,1,0,0,0,0,609.0,755.0,596.0,313.0,676.0,672.0,1,713.0
640,2021,3,5,13,72,1,1,0,0,0,640.0,609.0,755.0,596.0,313.0,676.0,1,672.0
577,2021,3,6,14,73,1,1,0,0,0,640.0,640.0,609.0,755.0,596.0,313.0,1,676.0
290,2021,3,0,15,74,1,0,0,0,0,577.0,640.0,640.0,609.0,755.0,596.0,1,313.0
549,2021,3,1,16,75,1,0,0,0,0,290.0,577.0,640.0,640.0,609.0,755.0,1,596.0
766,2021,3,2,17,76,1,0,0,0,0,549.0,290.0,577.0,640.0,640.0,609.0,1,755.0
496,2021,3,3,18,77,1,0,0,0,0,766.0,549.0,290.0,577.0,640.0,640.0,1,609.0
841,2021,3,4,19,78,1,0,0,0,0,496.0,766.0,549.0,290.0,577.0,640.0,1,640.0
629,2021,3,5,20,79,1,1,0,0,0,841.0,496.0,766.0,549.0,290.0,577.0,1,640.0
301,2021,3,6,21,80,1,1,0,0,0,629.0,841.0,496.0,766.0,549.0,290.0,1,577.0
217,2021,3,0,22,81,1,0,0,0,0,301.0,629.0,841.0,496.0,766.0,549.0,1,290.0
584,2021,3,1,23,82,1,0,0,0,0,217.0,301.0,629.0,841.0,496.0,766.0,1,549.0
747,2021,3,2,24,83,1,0,0,0,0,584.0,217.0,301.0,629.0,841.0,496.0,1,766.0
783,2021,3,3,25,84,1,0,0,0,0,747.0,584.0,217.0,301.0,629.0,841.0,1,496.0
745,2021,3,4,26,85,1,0,0,0,0,783.0,747.0,584.0,217.0,301.0,629.0,1,841.0
921,2021,3,5,27,86,1,1,0,0,0,745.0,783.0,747.0,584.0,217.0,301.0,1,629.0
862,2021,3,6,28,87,1,1,0,0,0,921.0,745.0,783.0,747.0,584.0,217.0,1,301.0
604,2021,3,0,29,88,1,0,0,0,0,862.0,921.0,745.0,783.0,747.0,584.0,1,217.0
1002,2021,3,1,30,89,1,0,0,0,0,604.0,862.0,921.0,745.0,783.0,747.0,1,584.0
1847,2021,3,2,31,90,1,0,0,1,0,1002.0,604.0,862.0,921.0,745.0,783.0,1,747.0
1290,2021,4,3,1,91,2,0,1,0,0,1847.0,1002.0,604.0,862.0,921.0,745.0,1,783.0
1623,2021,4,4,2,92,2,0,0,0,0,1290.0,1847.0,1002.0,604.0,862.0,921.0,1,745.0
1404,2021,4,5,3,93,2,1,0,0,0,1623.0,1290.0,1847.0,1002.0,604.0,862.0,1,921.0
1709,2021,4,6,4,94,2,1,0,0,0,1404.0,1623.0,1290.0,1847.0,1002.0,604.0,1,862.0
1133,2021,4,0,5,95,2,0,0,0,0,1709.0,1404.0,1623.0,1290.0,1847.0,1002.0,1,604.0
1866,2021,4,1,6,96,2,0,0,0,0,1133.0,1709.0,1404.0,1623.0,1290.0,1847.0,1,1002.0
1951,2021,4,2,7,97,2,0,0,0,0,1866.0,1133.0,1709.0,1404.0,1623.0,1290.0,1,1847.0
1833,2021,4,3,8,98,2,0,0,0,0,1951.0,1866.0,1133.0,1709.0,1404.0,1623.0,1,1290.0
2010,2021,4,4,9,99,2,0,0,0,0,1833.0,1951.0,1866.0,1133.0,1709.0,1404.0,1,1623.0
1460,2021,4,5,10,100,2,1,0,0,0,2010.0,1833.0,1951.0,1866.0,1133.0,1709.0,1,1404.0
1564,2021,4,6,11,101,2,1,0,0,0,1460.0,2010.0,1833.0,1951.0,1866.0,1133.0,1,1709.0
1079,2021,4,0,12,102,2,0,0,0,0,1564.0,1460.0,2010.0,1833.0,1951.0,1866.0,1,1133.0
1664,2021,4,1,13,103,2,0,0,0,0,1079.0,1564.0,1460.0,2010.0,1833.0,1951.0,1,1866.0
2123,2021,4,2,14,104,2,0,0,0,0,1664.0,1079.0,1564.0,1460.0,2010.0,1833.0,1,1951.0
2649,2021,4,3,15,105,2,0,0,0,0,2123.0,1664.0,1079.0,1564.0,1460.0,2010.0,1,1833.0
2401,2021,4,4,16,106,2,0,0,0,0,2649.0,2123.0,1664.0,1079.0,1564.0,1460.0,1,2010.0
2199,2021,4,5,17,107,2,1,0,0,0,2401.0,2649.0,2123.0,1664.0,1079.0,1564.0,1,1460.0
1514,2021,4,6,18,108,2,1,0,0,0,2199.0,2401.0,2649.0,2123.0,1664.0,1079.0,1,1564.0
1571,2021,4,0,19,109,2,0,0,0,0,1514.0,2199.0,2401.0,2649.0,2123.0,1664.0,1,1079.0
2169,2021,4,1,20,110,2,0,0,0,0,1571.0,1514.0,2199.0,2401.0,2649.0,2123.0,1,1664.0
2603,2021,4,2,21,111,2,0,0,0,0,2169.0,1571.0,1514.0,2199.0,2401.0,2649.0,1,2123.0
2305,2021,4,3,22,112,2,0,0,0,0,2603.0,2169.0,1571.0,1514.0,2199.0,2401.0,1,2649.0
2205,2021,4,4,23,113,2,0,0,0,0,2305.0,2603.0,2169.0,1571.0,1514.0,2199.0,1,2401.0
2229,2021,4,5,24,114,2,1,0,0,0,2205.0,2305.0,2603.0,2169.0,1571.0,1514.0,1,2199.0
1770,2021,4,6,25,115,2,1,0,0,0,2229.0,2205.0,2305.0,2603.0,2169.0,1571.0,1,1514.0
1285,2021,4,0,26,116,2,0,0,0,0,1770.0,2229.0,2205.0,2305.0,2603.0,2169.0,1,1571.0
1957,2021,4,1,27,117,2,0,0,0,0,1285.0,1770.0,2229.0,2205.0,2305.0,2603.0,1,2169.0
1729,2021,4,2,28,118,2,0,0,0,0,1957.0,1285.0,1770.0,2229.0,2205.0,2305.0,1,2603.0
1902,2021,4,3,29,119,2,0,0,0,0,1729.0,1957.0,1285.0,1770.0,2229.0,2205.0,1,2305.0
1904,2021,4,4,30,120,2,0,0,1,0,1902.0,1729.0,1957.0,1285.0,1770.0,2229.0,1,2205.0
1615,2021,5,5,1,121,2,1,1,0,0,1904.0,1902.0,1729.0,1957.0,1285.0,1770.0,1,2229.0
1009,2021,5,6,2,122,2,1,0,0,0,1615.0,1904.0,1902.0,1729.0,1957.0,1285.0,1,1770.0
1004,2021,5,0,3,123,2,0,0,0,0,1009.0,1615.0,1904.0,1902.0,1729.0,1957.0,1,1285.0
1405,2021,5,1,4,124,2,0,0,0,0,1004.0,1009.0,1615.0,1904.0,1902.0,1729.0,1,1957.0
1448,2021,5,2,5,125,2,0,0,0,0,1405.0,1004.0,1009.0,1615.0,1904.0,1902.0,1,1729.0
1410,2021,5,3,6,126,2,0,0,0,0,1448.0,1405.0,1004.0,1009.0,1615.0,1904.0,1,1902.0
1226,2021,5,4,7,127,2,0,0,0,0,1410.0,1448.0,1405.0,1004.0,1009.0,1615.0,1,1904.0
1276,2021,5,5,8,128,2,1,0,0,0,1226.0,1410.0,1448.0,1405.0,1004.0,1009.0,1,1615.0
1301,2021,5,6,9,129,2,1,0,0,0,1276.0,1226.0,1410.0,1448.0,1405.0,1004.0,1,1009.0
1024,2021,5,0,10,130,2,0,0,0,0,1301.0,1276.0,1226.0,1410.0,1448.0,1405.0,1,1004.0
1161,2021,5,1,11,131,2,0,0,0,0,1024.0,1301.0,1276.0,1226.0,1410.0,1448.0,1,1405.0
1105,2021,5,2,12,132,2,0,0,0,0,1161.0,1024.0,1301.0,1276.0,1226.0,1410.0,1,1448.0
720,2021,5,3,13,133,2,0,0,0,0,1105.0,1161.0,1024.0,1301.0,1276.0,1226.0,1,1410.0
457,2021,5,4,14,134,2,0,0,0,0,720.0,1105.0,1161.0,1024.0,1301.0,1276.0,1,1226.0
552,2021,5,5,15,135,2,1,0,0,0,457.0,720.0,1105.0,1161.0,1024.0,1301.0,1,1276.0
740,2021,5,6,16,136,2,1,0,0,0,552.0,457.0,720.0,1105.0,1161.0,1024.0,1,1301.0
901,2021,5,0,17,137,2,0,0,0,0,740.0,552.0,457.0,720.0,1105.0,1161.0,1,1024.0
1055,2021,5,1,18,138,2,0,0,0,0,901.0,740.0,552.0,457.0,720.0,1105.0,1,1161.0
1397,2021,5,2,19,139,2,0,0,0,0,1055.0,901.0,740.0,552.0,457.0,720.0,1,1105.0
1749,2021,5,3,20,140,2,0,0,0,0,1397.0,1055.0,901.0,740.0,552.0,457.0,1,720.0
1159,2021,5,4,21,141,2,0,0,0,0,1749.0,1397.0,1055.0,901.0,740.0,552.0,1,457.0
1266,2021,5,5,22,142,2,1,0,0,0,1159.0,1749.0,1397.0,1055.0,901.0,740.0,1,552.0
1246,2021,5,6,23,143,2,1,0,0,0,1266.0,1159.0,1749.0,1397.0,1055.0,901.0,1,740.0
1069,2021,5,0,24,144,2,0,0,0,0,1246.0,1266.0,1159.0,1749.0,1397.0,1055.0,1,901.0
1115,2021,5,1,25,145,2,0,0,0,0,1069.0,1246.0,1266.0,1159.0,1749.0,1397.0,1,1055.0
1324,2021,5,2,26,146,2,0,0,0,0,1115.0,1069.0,1246.0,1266.0,1159.0,1749.0,1,1397.0
1397,2021,5,3,27,147,2,0,0,0,0,1324.0,1115.0,1069.0,1246.0,1266.0,1159.0,1,1749.0
1702,2021,5,4,28,148,2,0,0,0,0,1397.0,1324.0,1115.0,1069.0,1246.0,1266.0,1,1159.0
1422,2021,5,5,29,149,2,1,0,0,0,1702.0,1397.0,1324.0,1115.0,1069.0,1246.0,1,1266.0
1314,2021,5,6,30,150,2,1,0,0,0,1422.0,1702.0,1397.0,1324.0,1115.0,1069.0,1,1246.0
786,2021,5,0,31,151,2,0,0,1,0,1314.0,1422.0,1702.0,1397.0,1324.0,1115.0,1,1069.0
1512,2021,6,1,1,152,2,0,1,0,0,786.0,1314.0,1422.0,1702.0,1397.0,1324.0,2,1115.0
1925,2021,6,2,2,153,2,0,0,0,0,1512.0,786.0,1314.0,1422.0,1702.0,1397.0,2,1324.0
1576,2021,6,3,3,154,2,0,0,0,0,1925.0,1512.0,786.0,1314.0,1422.0,1702.0,2,1397.0
1816,2021,6,4,4,155,2,0,0,0,0,1576.0,1925.0,1512.0,786.0,1314.0,1422.0,2,1702.0
1479,2021,6,5,5,156,2,1,0,0,0,1816.0,1576.0,1925.0,1512.0,786.0,1314.0,2,1422.0
1950,2021,6,6,6,157,2,1,0,0,0,1479.0,1816.0,1576.0,1925.0,1512.0,786.0,2,1314.0
1018,2021,6,0,7,158,2,0,0,0,0,1950.0,1479.0,1816.0,1576.0,1925.0,1512.0,2,786.0
1433,2021,6,1,8,159,2,0,0,0,0,1018.0,1950.0,1479.0,1816.0,1576.0,1925.0,2,1512.0
2102,2021,6,2,9,160,2,0,0,0,0,1433.0,1018.0,1950.0,1479.0,1816.0,1576.0,2,1925.0
2373,2021,6,3,10,161,2,0,0,0,0,2102.0,1433.0,1018.0,1950.0,1479.0,1816.0,2,1576.0
2161,2021,6,4,11,162,2,0,0,0,0,2373.0,2102.0,1433.0,1018.0,1950.0,1479.0,2,1816.0
2228,2021,6,5,12,163,2,1,0,0,0,2161.0,2373.0,2102.0,1433.0,1018.0,1950.0,2,1479.0
1861,2021,6,6,13,164,2,1,0,0,0,2228.0,2161.0,2373.0,2102.0,1433.0,1018.0,2,1950.0
1316,2021,6,0,14,165,2,0,0,0,0,1861.0,2228.0,2161.0,2373.0,2102.0,1433.0,2,1018.0
1997,2021,6,1,15,166,2,0,0,0,0,1316.0,1861.0,2228.0,2161.0,2373.0,2102.0,2,1433.0
2091,2021,6,2,16,167,2,0,0,0,0,1997.0,1316.0,1861.0,2228.0,2161.0,2373.0,2,2102.0
2379,2021,6,3,17,168,2,0,0,0,0,2091.0,1997.0,1316.0,1861.0,2228.0,2161.0,2,2373.0
2291,2021,6,4,18,169,2,0,0,0,0,2379.0,2091.0,1997.0,1316.0,1861.0,2228.0,2,2161.0
2193,2021,6,5,19,170,2,1,0,0,0,2291.0,2379.0,2091.0,1997.0,1316.0,1861.0,2,2228.0
1775,2021,6,6,20,171,2,1,0,0,0,2193.0,2291.0,2379.0,2091.0,1997.0,1316.0,2,1861.0
2478,2021,6,0,21,172,2,0,0,0,0,1775.0,2193.0,2291.0,2379.0,2091.0,1997.0,2,1316.0
2345,2021,6,1,22,173,2,0,0,0,0,2478.0,1775.0,2193.0,2291.0,2379.0,2091.0,2,1997.0
3638,2021,6,2,23,174,2,0,0,0,0,2345.0,2478.0,1775.0,2193.0,2291.0,2379.0,2,2091.0
3951,2021,6,3,24,175,2,0,0,0,0,3638.0,2345.0,2478.0,1775.0,2193.0,2291.0,2,2379.0
3467,2021,6,4,25,176,2,0,0,0,0,3951.0,3638.0,2345.0,2478.0,1775.0,2193.0,2,2291.0
4664,2021,6,5,26,177,2,1,0,0,0,3467.0,3951.0,3638.0,2345.0,2478.0,1775.0,2,2193.0
3524,2021,6,6,27,178,2,1,0,0,0,4664.0,3467.0,3951.0,3638.0,2345.0,2478.0,2,1775.0
1914,2021,6,0,28,179,2,0,0,0,0,3524.0,4664.0,3467.0,3951.0,3638.0,2345.0,2,2478.0
5251,2021,6,1,29,180,2,0,0,0,0,1914.0,3524.0,4664.0,3467.0,3951.0,3638.0,2,2345.0
5921,2021,6,2,30,181,2,0,0,1,0,5251.0,1914.0,3524.0,4664.0,3467.0,3951.0,2,3638.0
6776,2021,7,3,1,182,3,0,1,0,0,5921.0,5251.0,1914.0,3524.0,4664.0,3467.0,2,3951.0
5882,2021,7,4,2,183,3,0,0,0,0,6776.0,5921.0,5251.0,1914.0,3524.0,4664.0,2,3467.0
6184,2021,7,5,3,184,3,1,0,0,0,5882.0,6776.0,5921.0,5251.0,1914.0,3524.0,2,4664.0
4686,2021,7,6,4,185,3,1,0,0,0,6184.0,5882.0,6776.0,5921.0,5251.0,1914.0,2,3524.0
3530,2021,7,0,5,186,3,0,0,0,0,4686.0,6184.0,5882.0,6776.0,5921.0,5251.0,2,1914.0
7930,2021,7,1,6,187,3,0,0,0,0,3530.0,4686.0,6184.0,5882.0,6776.0,5921.0,2,5251.0
9823,2021,7,2,7,188,3,0,0,0,0,7930.0,3530.0,4686.0,6184.0,5882.0,6776.0,2,5921.0
8315,2021,7,3,8,189,3,0,0,0,0,9823.0,7930.0,3530.0,4686.0,6184.0,5882.0,2,6776.0
8506,2021,7,4,9,190,3,0,0,0,0,8315.0,9823.0,7930.0,3530.0,4686.0,6184.0,2,5882.0
9286,2021,7,5,10,191,3,1,0,0,0,8506.0,8315.0,9823.0,7930.0,3530.0,4686.0,2,6184.0
6592,2021,7,6,11,192,3,1,0,0,0,9286.0,8506.0,8315.0,9823.0,7930.0,3530.0,2,4686.0
4310,2021,7,0,12,193,3,0,0,0,0,6592.0,9286.0,8506.0,8315.0,9823.0,7930.0,2,3530.0
8473,2021,7,1,13,194,3,0,0,0,0,4310.0,6592.0,9286.0,8506.0,8315.0,9823.0,2,7930.0
8213,2021,7,2,14,195,3,0,0,0,0,8473.0,4310.0,6592.0,9286.0,8506.0,8315.0,2,9823.0
7878,2021,7,3,15,196,3,0,0,0,0,8213.0,8473.0,4310.0,6592.0,9286.0,8506.0,2,8315.0
6787,2021,7,4,16,197,3,0,0,0,0,7878.0,8213.0,8473.0,4310.0,6592.0,9286.0,2,8506.0
7524,2021,7,5,17,198,3,1,0,0,0,6787.0,7878.0,8213.0,8473.0,4310.0,6592.0,2,9286.0
5435,2021,7,6,18,199,3,1,0,0,0,7524.0,6787.0,7878.0,8213.0,8473.0,4310.0,2,6592.0
2520,2021,7,0,19,200,3,0,0,0,0,5435.0,7524.0,6787.0,7878.0,8213.0,8473.0,2,4310.0
6158,2021,7,1,20,201,3,0,0,0,0,2520.0,5435.0,7524.0,6787.0,7878.0,8213.0,2,8473.0
1086,2021,7,2,21,202,3,0,0,0,0,6158.0,2520.0,5435.0,7524.0,6787.0,7878.0,2,8213.0
2309,2021,7,3,22,203,3,0,0,0,0,1086.0,6158.0,2520.0,5435.0,7524.0,6787.0,2,7878.0
0,2021,7,4,23,204,3,0,0,0,0,2309.0,1086.0,6158.0,2520.0,5435.0,7524.0,2,6787.0
5624,2021,7,5,24,205,3,1,0,0,0,0.0,2309.0,1086.0,6158.0,2520.0,5435.0,2,7524.0
5359,2021,7,6,25,206,3,1,0,0,0,5624.0,0.0,2309.0,1086.0,6158.0,2520.0,2,5435.0
4105,2021,7,0,26,207,3,0,0,0,0,5359.0,5624.0,0.0,2309.0,1086.0,6158.0,2,2520.0
1608,2021,7,1,27,208,3,0,0,0,0,4105.0,5359.0,5624.0,0.0,2309.0,1086.0,2,6158.0
3960,2021,7,2,28,209,3,0,0,0,0,1608.0,4105.0,5359.0,5624.0,0.0,2309.0,2,1086.0
3676,2021,7,3,29,210,3,0,0,0,0,3960.0,1608.0,4105.0,5359.0,5624.0,0.0,2,2309.0
3508,2021,7,4,30,211,3,0,0,0,0,3676.0,3960.0,1608.0,4105.0,5359.0,5624.0,2,0.0
3419,2021,7,5,31,212,3,1,0,1,0,3508.0,3676.0,3960.0,1608.0,4105.0,5359.0,2,5624.0
5967,2021,8,6,1,213,3,1,1,0,0,3419.0,3508.0,3676.0,3960.0,1608.0,4105.0,2,5359.0
1243,2021,8,0,2,214,3,0,0,0,0,5967.0,3419.0,3508.0,3676.0,3960.0,1608.0,2,4105.0
0,2021,8,1,3,215,3,0,0,0,0,1243.0,5967.0,3419.0,3508.0,3676.0,3960.0,2,1608.0
5982,2021,8,2,4,216,3,0,0,0,0,0.0,1243.0,5967.0,3419.0,3508.0,3676.0,2,3960.0
0,2021,8,3,5,217,3,0,0,0,0,5982.0,0.0,1243.0,5967.0,3419.0,3508.0,2,3676.0
2448,2021,8,4,6,218,3,0,0,0,0,0.0,5982.0,0.0,1243.0,5967.0,3419.0,2,3508.0
2909,2021,8,5,7,219,3,1,0,0,0,2448.0,0.0,5982.0,0.0,1243.0,5967.0,2,3419.0
2546,2021,8,6,8,220,3,1,0,0,0,2909.0,2448.0,0.0,5982.0,0.0,1243.0,2,5967.0
2968,2021,8,0,9,221,3,0,0,0,0,2546.0,2909.0,2448.0,0.0,5982.0,0.0,2,1243.0
0,2021,8,1,10,222,3,0,0,0,0,2968.0,2546.0,2909.0,2448.0,0.0,5982.0,2,0.0
3136,2021,8,2,11,223,3,0,0,0,0,0.0,2968.0,2546.0,2909.0,2448.0,0.0,2,5982.0
1360,2021,8,3,12,224,3,0,0,0,0,3136.0,0.0,2968.0,2546.0,2909.0,2448.0,2,0.0
2088,2021,8,4,13,225,3,0,0,0,0,1360.0,3136.0,0.0,2968.0,2546.0,2909.0,2,2448.0
2050,2021,8,5,14,226,3,1,0,0,0,2088.0,1360.0,3136.0,0.0,2968.0,2546.0,2,2909.0
1678,2021,8,6,15,227,3,1,0,0,0,2050.0,2088.0,1360.0,3136.0,0.0,2968.0,2,2546.0
1748,2021,8,0,16,228,3,0,0,0,0,1678.0,2050.0,2088.0,1360.0,3136.0,0.0,2,2968.0
1062,2021,8,1,17,229,3,0,0,0,0,1748.0,1678.0,2050.0,2088.0,1360.0,3136.0,2,0.0
5578,2021,8,2,18,230,3,0,0,0,0,1062.0,1748.0,1678.0,2050.0,2088.0,1360.0,2,3136.0
0,2021,8,3,19,231,3,0,0,0,0,5578.0,1062.0,1748.0,1678.0,2050.0,2088.0,2,1360.0
3127,2021,8,4,20,232,3,0,0,0,0,0.0,5578.0,1062.0,1748.0,1678.0,2050.0,2,2088.0
2617,2021,8,5,21,233,3,1,0,0,0,3127.0,0.0,5578.0,1062.0,1748.0,1678.0,2,2050.0
2825,2021,8,6,22,234,3,1,0,0,0,2617.0,3127.0,0.0,5578.0,1062.0,1748.0,2,1678.0
1891,2021,8,0,23,235,3,0,0,0,0,2825.0,2617.0,3127.0,0.0,5578.0,1062.0,2,1748.0
1284,2021,8,1,24,236,3,0,0,0,0,1891.0,2825.0,2617.0,3127.0,0.0,5578.0,2,1062.0
3411,2021,8,2,25,237,3,0,0,0,0,1284.0,1891.0,2825.0,2617.0,3127.0,0.0,2,5578.0
3552,2021,8,3,26,238,3,0,0,0,0,3411.0,1284.0,1891.0,2825.0,2617.0,3127.0,2,0.0
3763,2021,8,4,27,239,3,0,0,0,0,3552.0,3411.0,1284.0,1891.0,2825.0,2617.0,2,3127.0
3524,2021,8,5,28,240,3,1,0,0,0,3763.0,3552.0,3411.0,1284.0,1891.0,2825.0,2,2617.0
2265,2021,8,6,29,241,3,1,0,0,0,3524.0,3763.0,3552.0,3411.0,1284.0,1891.0,2,2825.0
2165,2021,8,0,30,242,3,0,0,0,0,2265.0,3524.0,3763.0,3552.0,3411.0,1284.0,2,1891.0
1282,2021,8,1,31,243,3,0,0,1,0,2165.0,2265.0,3524.0,3763.0,3552.0,3411.0,2,1284.0
2134,2021,9,2,1,244,3,0,1,0,0,1282.0,2165.0,2265.0,3524.0,3763.0,3552.0,3,3411.0
1883,2021,9,3,2,245,3,0,0,0,0,2134.0,1282.0,2165.0,2265.0,3524.0,3763.0,3,3552.0
1976,2021,9,4,3,246,3,0,0,0,0,1883.0,2134.0,1282.0,2165.0,2265.0,3524.0,3,3763.0
2209,2021,9,5,4,247,3,1,0,0,0,1976.0,1883.0,2134.0,1282.0,2165.0,2265.0,3,3524.0
1811,2021,9,6,5,248,3,1,0,0,0,2209.0,1976.0,1883.0,2134.0,1282.0,2165.0,3,2265.0
1144,2021,9,0,6,249,3,0,0,0,0,1811.0,2209.0,1976.0,1883.0,2134.0,1282.0,3,2165.0
580,2021,9,1,7,250,3,0,0,0,0,1144.0,1811.0,2209.0,1976.0,1883.0,2134.0,3,1282.0
4303,2021,9,2,8,251,3,0,0,0,0,580.0,1144.0,1811.0,2209.0,1976.0,1883.0,3,2134.0
0,2021,9,3,9,252,3,0,0,0,0,4303.0,580.0,1144.0,1811.0,2209.0,1976.0,3,1883.0
1590,2021,9,4,10,253,3,0,0,0,0,0.0,4303.0,580.0,1144.0,1811.0,2209.0,3,1976.0
2036,2021,9,5,11,254,3,1,0,0,0,1590.0,0.0,4303.0,580.0,1144.0,1811.0,3,2209.0
1319,2021,9,6,12,255,3,1,0,0,0,2036.0,1590.0,0.0,4303.0,580.0,1144.0,3,1811.0
780,2021,9,0,13,256,3,0,0,0,0,1319.0,2036.0,1590.0,0.0,4303.0,580.0,3,1144.0
9607,2021,9,1,14,257,3,0,0,0,0,780.0,1319.0,2036.0,1590.0,0.0,4303.0,3,580.0
873,2021,9,2,15,258,3,0,0,0,0,9607.0,780.0,1319.0,2036.0,1590.0,0.0,3,4303.0
1142,2021,9,3,16,259,3,0,0,0,0,873.0,9607.0,780.0,1319.0,2036.0,1590.0,3,0.0
1006,2021,9,4,17,260,3,0,0,0,0,1142.0,873.0,9607.0,780.0,1319.0,2036.0,3,1590.0
797,2021,9,5,18,261,3,1,0,0,0,1006.0,1142.0,873.0,9607.0,780.0,1319.0,3,2036.0
704,2021,9,6,19,262,3,1,0,0,0,797.0,1006.0,1142.0,873.0,9607.0,780.0,3,1319.0
472,2021,9,0,20,263,3,0,0,0,0,704.0,797.0,1006.0,1142.0,873.0,9607.0,3,780.0
407,2021,9,1,21,264,3,0,0,0,0,472.0,704.0,797.0,1006.0,1142.0,873.0,3,9607.0
1696,2021,9,2,22,265,3,0,0,0,0,407.0,472.0,704.0,797.0,1006.0,1142.0,3,873.0
556,2021,9,3,23,266,3,0,0,0,0,1696.0,407.0,472.0,704.0,797.0,1006.0,3,1142.0
0,2021,9,4,24,267,3,0,0,0,0,556.0,1696.0,407.0,472.0,704.0,797.0,3,1006.0
1855,2021,9,5,25,268,3,1,0,0,0,0.0,556.0,1696.0,407.0,472.0,704.0,3,797.0
0,2021,9,6,26,269,3,1,0,0,0,1855.0,0.0,556.0,1696.0,407.0,472.0,3,704.0
560,2021,9,0,27,270,3,0,0,0,0,0.0,1855.0,0.0,556.0,1696.0,407.0,3,472.0
0,2021,9,1,28,271,3,0,0,0,0,560.0,0.0,1855.0,0.0,556.0,1696.0,3,407.0
840,2021,9,2,29,272,3,0,0,0,0,0.0,560.0,0.0,1855.0,0.0,556.0,3,1696.0
876,2021,9,3,30,273,3,0,0,1,0,840.0,0.0,560.0,0.0,1855.0,0.0,3,556.0
358,2021,10,4,1,274,4,0,1,0,0,876.0,840.0,0.0,560.0,0.0,1855.0,3,0.0
435,2021,10,5,2,275,4,1,0,0,0,358.0,876.0,840.0,0.0,560.0,0.0,3,1855.0
0,2021,10,6,3,276,4,1,0,0,0,435.0,358.0,876.0,840.0,0.0,560.0,3,0.0
220,2021,10,0,4,277,4,0,0,0,0,0.0,435.0,358.0,876.0,840.0,0.0,3,560.0
585,2021,10,1,5,278,4,0,0,0,0,220.0,0.0,435.0,358.0,876.0,840.0,3,0.0
213,2021,10,2,6,279,4,0,0,0,0,585.0,220.0,0.0,435.0,358.0,876.0,3,840.0
221,2021,10,3,7,280,4,0,0,0,0,213.0,585.0,220.0,0.0,435.0,358.0,3,876.0
234,2021,10,4,8,281,4,0,0,0,0,221.0,213.0,585.0,220.0,0.0,435.0,3,358.0
0,2021,10,5,9,282,4,1,0,0,0,234.0,221.0,213.0,585.0,220.0,0.0,3,435.0
378,2021,10,6,10,283,4,1,0,0,0,0.0,234.0,221.0,213.0,585.0,220.0,3,0.0
32,2021,10,0,11,284,4,0,0,0,0,378.0,0.0,234.0,221.0,213.0,585.0,3,220.0
230,2021,10,1,12,285,4,0,0,0,0,32.0,378.0,0.0,234.0,221.0,213.0,3,585.0
226,2021,10,2,13,286,4,0,0,0,0,230.0,32.0,378.0,0.0,234.0,221.0,3,213.0
0,2021,10,3,14,287,4,0,0,0,0,226.0,230.0,32.0,378.0,0.0,234.0,3,221.0
351,2021,10,4,15,288,4,0,0,0,0,0.0,226.0,230.0,32.0,378.0,0.0,3,234.0
100,2021,10,5,16,289,4,1,0,0,0,351.0,0.0,226.0,230.0,32.0,378.0,3,0.0
133,2021,10,6,17,290,4,1,0,0,0,100.0,351.0,0.0,226.0,230.0,32.0,3,378.0
47,2021,10,0,18,291,4,0,0,0,0,133.0,100.0,351.0,0.0,226.0,230.0,3,32.0
54,2021,10,1,19,292,4,0,0,0,0,47.0,133.0,100.0,351.0,0.0,226.0,3,230.0
157,2021,10,2,20,293,4,0,0,0,0,54.0,47.0,133.0,100.0,351.0,0.0,3,226.0
233,2021,10,3,21,294,4,0,0,0,0,157.0,54.0,47.0,133.0,100.0,351.0,3,0.0
0,2021,10,4,22,295,4,0,0,0,0,233.0,157.0,54.0,47.0,133.0,100.0,3,351.0
124,2021,10,5,23,296,4,1,0,0,0,0.0,233.0,157.0,54.0,47.0,133.0,3,100.0
172,2021,10,6,24,297,4,1,0,0,0,124.0,0.0,233.0,157.0,54.0,47.0,3,133.0
128,2021,10,0,25,298,4,0,0,0,0,172.0,124.0,0.0,233.0,157.0,54.0,3,47.0
192,2021,10,1,26,299,4,0,0,0,0,128.0,172.0,124.0,0.0,233.0,157.0,3,54.0
126,2021,10,2,27,300,4,0,0,0,0,192.0,128.0,172.0,124.0,0.0,233.0,3,157.0
91,2021,10,3,28,301,4,0,0,0,0,126.0,192.0,128.0,172.0,124.0,0.0,3,233.0
88,2021,10,4,29,302,4,0,0,0,0,91.0,126.0,192.0,128.0,172.0,124.0,3,0.0
0,2021,10,5,30,303,4,1,0,0,0,88.0,91.0,126.0,192.0,128.0,172.0,3,124.0
429,2021,10,6,31,304,4,1,0,1,0,0.0,88.0,91.0,126.0,192.0,128.0,3,172.0
29,2021,11,0,1,305,4,0,1,0,0,429.0,0.0,88.0,91.0,126.0,192.0,3,128.0
104,2021,11,1,2,306,4,0,0,0,0,29.0,429.0,0.0,88.0,91.0,126.0,3,192.0
102,2021,11,2,3,307,4,0,0,0,0,104.0,29.0,429.0,0.0,88.0,91.0,3,126.0
89,2021,11,3,4,308,4,0,0,0,0,102.0,104.0,29.0,429.0,0.0,88.0,3,91.0
0,2021,11,4,5,309,4,0,0,0,0,89.0,102.0,104.0,29.0,429.0,0.0,3,88.0
183,2021,11,5,6,310,4,1,0,0,0,0.0,89.0,102.0,104.0,29.0,429.0,3,0.0
54,2021,11,6,7,311,4,1,0,0,0,183.0,0.0,89.0,102.0,104.0,29.0,3,429.0
44,2021,11,0,8,312,4,0,0,0,0,54.0,183.0,0.0,89.0,102.0,104.0,3,29.0
0,2021,11,1,9,313,4,0,0,0,0,44.0,54.0,183.0,0.0,89.0,102.0,3,104.0
1924,2021,11,2,10,314,4,0,0,0,0,0.0,44.0,54.0,183.0,0.0,89.0,3,102.0
213,2021,11,3,11,315,4,0,0,0,0,1924.0,0.0,44.0,54.0,183.0,0.0,3,89.0
82,2021,11,4,12,316,4,0,0,0,0,213.0,1924.0,0.0,44.0,54.0,183.0,3,0.0
66,2021,11,5,13,317,4,1,0,0,0,82.0,213.0,1924.0,0.0,44.0,54.0,3,183.0
50,2021,11,6,14,318,4,1,0,0,0,66.0,82.0,213.0,1924.0,0.0,44.0,3,54.0
29,2021,11,0,15,319,4,0,0,0,0,50.0,66.0,82.0,213.0,1924.0,0.0,3,44.0
102,2021,11,1,16,320,4,0,0,0,0,29.0,50.0,66.0,82.0,213.0,1924.0,3,0.0
93,2021,11,2,17,321,4,0,0,0,0,102.0,29.0,50.0,66.0,82.0,213.0,3,1924.0
77,2021,11,3,18,322,4,0,0,0,0,93.0,102.0,29.0,50.0,66.0,82.0,3,213.0
86,2021,11,4,19,323,4,0,0,0,0,77.0,93.0,102.0,29.0,50.0,66.0,3,82.0
109,2021,11,5,20,324,4,1,0,0,0,86.0,77.0,93.0,102.0,29.0,50.0,3,66.0
79,2021,11,6,21,325,4,1,0,0,0,109.0,86.0,77.0,93.0,102.0,29.0,3,50.0
36,2021,11,0,22,326,4,0,0,0,0,79.0,109.0,86.0,77.0,93.0,102.0,3,29.0
311,2021,11,1,23,327,4,0,0,0,0,36.0,79.0,109.0,86.0,77.0,93.0,3,102.0
93,2021,11,2,24,328,4,0,0,0,0,311.0,36.0,79.0,109.0,86.0,77.0,3,93.0
159,2021,11,3,25,329,4,0,0,0,0,93.0,311.0,36.0,79.0,109.0,86.0,3,77.0
127,2021,11,4,26,330,4,0,0,0,0,159.0,93.0,311.0,36.0,79.0,109.0,3,86.0
175,2021,11,5,27,331,4,1,0,0,0,127.0,159.0,93.0,311.0,36.0,79.0,3,109.0
95,2021,11,6,28,332,4,1,0,0,0,175.0,127.0,159.0,93.0,311.0,36.0,3,79.0
51,2021,11,0,29,333,4,0,0,0,0,95.0,175.0,127.0,159.0,93.0,311.0,3,36.0
263,2021,11,1,30,334,4,0,0,1,0,51.0,95.0,175.0,127.0,159.0,93.0,3,311.0
138,2021,12,2,1,335,4,0,1,0,0,263.0,51.0,95.0,175.0,127.0,159.0,3,93.0
198,2021,12,3,2,336,4,0,0,0,0,138.0,263.0,51.0,95.0,175.0,127.0,3,159.0
151,2021,12,4,3,337,4,0,0,0,0,198.0,138.0,263.0,51.0,95.0,175.0,3,127.0
219,2021,12,5,4,338,4,1,0,0,0,151.0,198.0,138.0,263.0,51.0,95.0,3,175.0
165,2021,12,6,5,339,4,1,0,0,0,219.0,151.0,198.0,138.0,263.0,51.0,3,95.0
0,2021,12,0,6,340,4,0,0,0,0,165.0,219.0,151.0,198.0,138.0,263.0,3,51.0
253,2021,12,1,7,341,4,0,0,0,0,0.0,165.0,219.0,151.0,198.0,138.0,3,263.0
170,2021,12,2,8,342,4,0,0,0,0,253.0,0.0,165.0,219.0,151.0,198.0,3,138.0
140,2021,12,3,9,343,4,0,0,0,0,170.0,253.0,0.0,165.0,219.0,151.0,3,198.0
241,2021,12,4,10,344,4,0,0,0,0,140.0,170.0,253.0,0.0,165.0,219.0,3,151.0
187,2021,12,5,11,345,4,1,0,0,0,241.0,140.0,170.0,253.0,0.0,165.0,3,219.0
152,2021,12,6,12,346,4,1,0,0,0,187.0,241.0,140.0,170.0,253.0,0.0,3,165.0
0,2021,12,0,13,347,4,0,0,0,0,152.0,187.0,241.0,140.0,170.0,253.0,3,0.0
317,2021,12,1,14,348,4,0,0,0,0,0.0,152.0,187.0,241.0,140.0,170.0,3,253.0
240,2021,12,2,15,349,4,0,0,0,0,317.0,0.0,152.0,187.0,241.0,140.0,3,170.0
375,2021,12,3,16,350,4,0,0,0,0,240.0,317.0,0.0,152.0,187.0,241.0,3,140.0
0,2021,12,4,17,351,4,0,0,0,0,375.0,240.0,317.0,0.0,152.0,187.0,3,241.0
335,2021,12,5,18,352,4,1,0,0,0,0.0,375.0,240.0,317.0,0.0,152.0,3,187.0
178,2021,12,6,19,353,4,1,0,0,0,335.0,0.0,375.0,240.0,317.0,0.0,3,152.0
72,2021,12,0,20,354,4,0,0,0,0,178.0,335.0,0.0,375.0,240.0,317.0,3,0.0
347,2021,12,1,21,355,4,0,0,0,0,72.0,178.0,335.0,0.0,375.0,240.0,3,317.0
347,2021,12,2,22,356,4,0,0,0,0,347.0,72.0,178.0,335.0,0.0,375.0,3,240.0
326,2021,12,3,23,357,4,0,0,0,0,347.0,347.0,72.0,178.0,335.0,0.0,3,375.0
320,2021,12,4,24,358,4,0,0,0,0,326.0,347.0,347.0,72.0,178.0,335.0,3,0.0
352,2021,12,5,25,359,4,1,0,0,0,320.0,326.0,347.0,347.0,72.0,178.0,3,335.0
0,2021,12,6,26,360,4,1,0,0,0,352.0,320.0,326.0,347.0,347.0,72.0,3,178.0
627,2021,12,0,27,361,4,0,0,0,0,0.0,352.0,320.0,326.0,347.0,347.0,3,72.0
670,2021,12,1,28,362,4,0,0,0,0,627.0,0.0,352.0,320.0,326.0,347.0,3,347.0
0,2021,12,2,29,363,4,0,0,0,0,670.0,627.0,0.0,352.0,320.0,326.0,3,347.0
588,2021,12,3,30,364,4,0,0,0,0,0.0,670.0,627.0,0.0,352.0,320.0,3,326.0
2026,2021,12,4,31,365,4,0,0,1,0,588.0,0.0,670.0,627.0,0.0,352.0,3,320.0
1137,2022,1,5,1,1,1,1,1,0,0,2026.0,588.0,0.0,670.0,627.0,0.0,3,352.0
417,2022,1,6,2,2,1,1,0,0,0,1137.0,2026.0,588.0,0.0,670.0,627.0,3,0.0
542,2022,1,0,3,3,1,0,0,0,0,417.0,1137.0,2026.0,588.0,0.0,670.0,3,627.0
2275,2022,1,1,4,4,1,0,0,0,0,542.0,417.0,1137.0,2026.0,588.0,0.0,3,670.0
2302,2022,1,2,5,5,1,0,0,0,0,2275.0,542.0,417.0,1137.0,2026.0,588.0,3,0.0
2594,2022,1,3,6,6,1,0,0,0,0,2302.0,2275.0,542.0,417.0,1137.0,2026.0,3,588.0
2469,2022,1,4,7,7,1,0,0,0,0,2594.0,2302.0,2275.0,542.0,417.0,1137.0,3,2026.0
2817,2022,1,5,8,8,1,1,0,0,0,2469.0,2594.0,2302.0,2275.0,542.0,417.0,3,1137.0
2579,2022,1,6,9,9,1,1,0,0,0,2817.0,2469.0,2594.0,2302.0,2275.0,542.0,3,417.0
1129,2022,1,0,10,10,1,0,0,0,0,2579.0,2817.0,2469.0,2594.0,2302.0,2275.0,3,542.0
4865,2022,1,1,11,11,1,0,0,0,0,1129.0,2579.0,2817.0,2469.0,2594.0,2302.0,3,2275.0
6323,2022,1,2,12,12,1,0,0,0,0,4865.0,1129.0,2579.0,2817.0,2469.0,2594.0,3,2302.0
6562,2022,1,3,13,13,1,0,0,0,0,6323.0,4865.0,1129.0,2579.0,2817.0,2469.0,3,2594.0
8460,2022,1,4,14,14,1,0,0,0,0,6562.0,6323.0,4865.0,1129.0,2579.0,2817.0,3,2469.0
9569,2022,1,5,15,15,1,1,0,0,0,8460.0,6562.0,6323.0,4865.0,1129.0,2579.0,3,2817.0
0,2022,1,6,16,16,1,1,0,0,0,9569.0,8460.0,6562.0,6323.0,4865.0,1129.0,3,2579.0
7266,2022,1,0,17,17,1,0,0,0,0,0.0,9569.0,8460.0,6562.0,6323.0,4865.0,3,1129.0
3905,2022,1,1,18,18,1,0,0,0,0,7266.0,0.0,9569.0,8460.0,6562.0,6323.0,3,4865.0
12436,2022,1,2,19,19,1,0,0,0,0,3905.0,7266.0,0.0,9569.0,8460.0,6562.0,3,6323.0
12698,2022,1,3,20,20,1,0,0,0,0,12436.0,3905.0,7266.0,0.0,9569.0,8460.0,3,6562.0
9787,2022,1,4,21,21,1,0,0,0,0,12698.0,12436.0,3905.0,7266.0,0.0,9569.0,3,8460.0
19923,2022,1,5,22,22,1,1,0,0,0,9787.0,12698.0,12436.0,3905.0,7266.0,0.0,3,9569.0
0,2022,1,6,23,23,1,1,0,0,0,19923.0,9787.0,12698.0,12436.0,3905.0,7266.0,3,0.0
7144,2022,1,0,24,24,1,0,0,0,0,0.0,19923.0,9787.0,12698.0,12436.0,3905.0,3,7266.0
2834,2022,1,1,25,25,1,0,0,0,0,7144.0,0.0,19923.0,9787.0,12698.0,12436.0,3,3905.0
9706,2022,1,2,26,26,1,0,0,0,0,2834.0,7144.0,0.0,19923.0,9787.0,12698.0,3,12436.0
9800,2022,1,3,27,27,1,0,0,0,0,9706.0,2834.0,7144.0,0.0,19923.0,9787.0,3,12698.0
8343,2022,1,4,28,28,1,0,0,0,0,9800.0,9706.0,2834.0,7144.0,0.0,19923.0,3,9787.0
16519,2022,1,5,29,29,1,1,0,0,0,8343.0,9800.0,9706.0,2834.0,7144.0,0.0,3,19923.0
0,2022,1,6,30,30,1,1,0,0,0,16519.0,8343.0,9800.0,9706.0,2834.0,7144.0,3,0.0
8706,2022,1,0,31,31,1,0,0,1,0,0.0,16519.0,8343.0,9800.0,9706.0,2834.0,3,7144.0
8001,2022,2,1,1,32,1,0,1,0,0,8706.0,0.0,16519.0,8343.0,9800.0,9706.0,3,2834.0
0,2022,2,2,2,33,1,0,0,0,0,8001.0,8706.0,0.0,16519.0,8343.0,9800.0,3,9706.0
12276,2022,2,3,3,34,1,0,0,0,0,0.0,8001.0,8706.0,0.0,16519.0,8343.0,3,9800.0
4622,2022,2,4,4,35,1,0,0,0,0,12276.0,0.0,8001.0,8706.0,0.0,16519.0,3,8343.0
5511,2022,2,5,5,36,1,1,0,0,0,4622.0,12276.0,0.0,8001.0,8706.0,0.0,3,16519.0
3952,2022,2,6,6,37,1,1,0,0,0,5511.0,4622.0,12276.0,0.0,8001.0,8706.0,3,0.0
